postprocessing,metric,unit,organ,baseline_mean,baseline_std,preprocessed_mean,preprocessed_std,welch_p,verdict
no postprocessing,3D Dice,,esophagus,0.3509,0.0196,0.2847,0.1829,0.6605,no difference
no postprocessing,3D Dice,,heart,0.8145,0.0158,0.8706,0.0224,0.0503,no difference
no postprocessing,3D Dice,,trachea,0.475,0.0163,0.7132,0.0596,0.0234,preprocessed better
no postprocessing,3D Dice,,aorta,0.5261,0.0176,0.6185,0.0192,0.0075,preprocessed better
no postprocessing,ASSD,mm,esophagus,10.1184,2.998,13.0149,9.9381,0.726,no difference
no postprocessing,ASSD,mm,heart,7.8516,1.4715,19.4761,9.662,0.2291,no difference
no postprocessing,ASSD,mm,trachea,15.7447,6.139,10.1931,1.6799,0.3286,no difference
no postprocessing,ASSD,mm,aorta,7.5469,0.1672,8.9883,4.3516,0.6857,no difference
no postprocessing,Hausdorff,mm,esophagus,70.5431,17.8336,104.4778,28.6006,0.2406,no difference
no postprocessing,Hausdorff,mm,heart,57.441,18.3117,223.1523,17.3393,0.0008,baseline better
no postprocessing,Hausdorff,mm,trachea,71.6971,12.7029,213.8373,7.6644,0.0005,baseline better
no postprocessing,Hausdorff,mm,aorta,61.2039,4.5258,119.5079,63.6448,0.3243,no difference
with postprocessing,3D Dice,,esophagus,0.3374,0.0144,0.2663,0.1779,0.6295,no difference
with postprocessing,3D Dice,,heart,0.818,0.0169,0.8883,0.0124,0.0112,preprocessed better
with postprocessing,3D Dice,,trachea,0.4764,0.0149,0.7309,0.0742,0.0356,preprocessed better
with postprocessing,3D Dice,,aorta,0.5162,0.0206,0.623,0.0256,0.0112,preprocessed better
with postprocessing,ASSD,mm,esophagus,18.0239,1.7455,22.7486,19.6179,0.7663,no difference
with postprocessing,ASSD,mm,heart,6.2322,0.533,3.9866,0.4296,0.0108,preprocessed better
with postprocessing,ASSD,mm,trachea,16.9952,4.691,5.8918,4.3193,0.0699,no difference
with postprocessing,ASSD,mm,aorta,9.5538,1.1521,7.43,2.8713,0.4123,no difference
with postprocessing,Hausdorff,mm,esophagus,89.9442,9.2202,96.8721,44.7246,0.8486,no difference
with postprocessing,Hausdorff,mm,heart,28.6495,6.2808,21.9853,1.402,0.2699,no difference
with postprocessing,Hausdorff,mm,trachea,57.4295,12.2025,52.0448,26.3563,0.8111,no difference
with postprocessing,Hausdorff,mm,aorta,65.6168,7.5528,47.8544,11.9625,0.1636,no difference
