patient,shape_x,shape_y,shape_z,spacing_x_mm,spacing_y_mm,spacing_z_mm,anisotropy_ratio,voxels_background,pct_background,voxels_esophagus,pct_esophagus,voxels_heart,pct_heart,voxels_trachea,pct_trachea,voxels_aorta,pct_aorta,hu_min,hu_max,hu_mean,hu_std,shape_matches_gt,spacing_matches_gt
Patient_01,512,512,229,0.9765625,0.9765625,2.0,2.0480000972747803,59494402,99.10617145388407,32377,0.05393382243193914,365637,0.6090805520136804,32009,0.0533208055787732,106551,0.1774933660915325,-1000.0,3071.0,-746.2269287109375,417.72882080078125,True,True
Patient_02,512,512,246,0.976562,0.976562,2.5,2.5600011348724365,64008218,99.25690007403614,19402,0.030086486320185468,359613,0.5576482633265053,14240,0.022081824822154473,85951,0.13328335149501397,-1000.0,26613.0,-689.5067749023438,450.98968505859375,True,True
Patient_03,512,512,147,0.976562,0.976562,2.5,2.5600011348724365,38285585,99.3523240900364,13471,0.03495767813961522,183705,0.4767203817562181,12624,0.03275968590561224,39783,0.10323816416214923,-1000.0,25292.0,-738.0938720703125,413.39715576171875,True,True
Patient_04,512,512,158,0.976562,0.976562,2.5,2.5600011348724365,40898092,98.74293653270867,18768,0.04531280903876582,330508,0.7979670657387262,21796,0.052623507342761076,149588,0.36116008517108383,-1000.0,4551.0,-714.437744140625,421.3160705566406,True,True
Patient_05,512,512,284,0.9765625,0.9765625,2.0,2.0480000972747803,73808603,99.13995635341591,42545,0.05714658280493508,454409,0.6103636513293629,25858,0.03473254996286312,117481,0.1578008624869333,-1000.0,3071.0,-795.6454467773438,405.4685974121094,True,True
Patient_06,512,512,199,0.976562,0.976562,2.5,2.5600011348724365,51632746,98.97653014216591,19061,0.03653866561812971,377459,0.7235637262238929,17459,0.03346773847263662,119931,0.2298997275194331,-1000.0,3071.0,-741.7963256835938,435.1233825683594,True,True
Patient_07,512,512,179,0.9765625,0.9765625,2.0,2.0480000972747803,46427909,98.94325000613762,25373,0.05407280096128666,365861,0.7796921543568872,14777,0.03149149804141935,89856,0.1914935405027933,-1000.0,3059.0,-720.4055786132812,420.72674560546875,True,True
Patient_08,512,512,171,0.976562,0.976562,2.5,2.5600011348724365,44455098,99.1711934407552,15028,0.033524719595211985,254685,0.5681556567811129,17268,0.0385217499314693,84545,0.18860443293699744,-1000.0,3071.0,-764.881591796875,415.71075439453125,True,True
Patient_09,512,512,154,0.976562,0.976562,2.5,2.5600011348724365,39904945,98.84758738728313,16086,0.039846246892755684,366127,0.9069244582931717,23501,0.0582137665191254,59517,0.14742814101182022,-1000.0,3071.0,-779.9887084960938,410.905517578125,True,True
Patient_10,512,512,163,0.9765625,0.9765625,2.0,2.0480000972747803,42085266,98.49236143147287,27245,0.06376161165763995,488311,1.1427967094936253,19927,0.04663525914853336,108723,0.25444498822732936,-1000.0,3071.0,-630.8484497070312,467.6905517578125,True,True
Patient_11,512,512,180,1.269531,1.269531,2.5,1.969231128692627,46898748,99.39140319824219,21557,0.04568523830837674,210666,0.44645945231119794,9948,0.021082560221354168,45001,0.09536955091688368,-1000.0,8834.0,-757.7691040039062,392.5497131347656,True,True
Patient_12,512,512,171,0.9765625,0.9765625,2.0,2.0480000972747803,44175023,98.54639733743946,24318,0.05424901058799342,460516,1.0273269742552997,17069,0.03807781732570358,149698,0.33394886039153876,-1000.0,3071.0,-736.701416015625,430.1123046875,True,True
Patient_13,512,512,228,0.9765625,0.9765625,2.0,2.0480000972747803,59120654,98.91552506831654,23688,0.03963269685444079,474491,0.793876982571786,16827,0.02815346968801398,133172,0.22281178256921602,-1000.0,3071.0,-692.3677368164062,454.763671875,True,True
Patient_14,512,512,162,0.976562,0.976562,2.5,2.5600011348724365,42142116,99.23420658817997,15851,0.03732516441816165,225194,0.5302758864414545,11572,0.027249183183834878,72595,0.17094317777657214,-1000.0,1892.0,-778.20751953125,382.1197509765625,True,True
Patient_15,512,512,150,0.896484,0.896484,2.5,2.7886722087860107,38478914,97.85693868001302,28417,0.07226816813151042,546464,1.3897298177083333,36293,0.09229787190755208,231512,0.5887654622395834,-1000.0,17762.0,-727.81103515625,421.3043518066406,True,True
Patient_16,512,512,166,0.976562,0.976562,2.5,2.5600011348724365,43001304,98.81744384765625,17686,0.0406426119517131,412462,0.9478419660085655,15931,0.036609603697995104,68521,0.1574619706854763,-1000.0,11362.0,-620.6036987304688,458.8902282714844,True,True
Patient_17,512,512,166,0.976562,0.976562,2.5,2.5600011348724365,43206141,99.28816140416157,13150,0.03021883677287274,223397,0.5133686295474869,14747,0.03388875938323607,58469,0.1343623701348362,-1000.0,14614.0,-817.4180297851562,348.29669189453125,True,True
Patient_18,512,512,183,0.976562,0.976562,2.5,2.5600011348724365,47067278,98.11334245191897,24184,0.050412370858948084,767246,1.5993503924927426,16582,0.03456574320141735,97062,0.20232904152792008,-1000.0,15566.0,-680.531005859375,433.840087890625,True,True
Patient_19,512,512,190,0.976562,0.976562,2.5,2.5600011348724365,49339999,99.06166277433697,16186,0.03249720523231908,359425,0.7216302972090872,20136,0.04042776007401316,71614,0.14378196314761513,-1000.0,31743.0,-790.1552734375,384.8091735839844,True,True
Patient_20,512,512,206,1.367188,1.367188,2.5,1.82857084274292,53670660,99.38704851761605,10521,0.019482732976524576,269845,0.4996975648750379,7209,0.013349588634898362,43429,0.08042159589748939,-1000.0,3071.0,-796.5428466796875,376.7828674316406,True,True
Patient_21,512,512,158,0.976562,0.976562,2.5,2.5600011348724365,40961980,98.89718550669996,13357,0.032248678086679194,320170,0.7730073566678204,20413,0.04928444005266021,102832,0.24827401849287975,-1000.0,8570.0,-705.4236450195312,430.5897216796875,True,True
Patient_22,512,512,181,0.976562,0.976562,2.5,2.5600011348724365,46997110,99.04958398302615,12832,0.02704430680248619,361018,0.7608698217908322,17828,0.03757371428263122,59276,0.12492817409789364,-1000.0,9060.0,-761.15234375,399.39801025390625,True,True
Patient_23,512,512,153,0.976562,0.976562,2.5,2.5600011348724365,39654139,98.8683239307279,22063,0.055008931876787175,329491,0.8215087691163705,12215,0.030455246470332924,90124,0.2247031218086193,-1000.0,9486.0,-782.40380859375,380.4649963378906,True,True
Patient_24,512,512,168,0.976562,0.976562,2.5,2.5600011348724365,43517382,98.8128798348563,20404,0.046330406552269346,364923,0.8286135537283761,15539,0.03528367905389695,121944,0.2768925258091518,-1000.0,7206.0,-721.7940673828125,411.6887512207031,True,True
Patient_25,512,512,150,0.976562,0.976562,2.5,2.5600011348724365,38880385,98.87793223063152,20399,0.051877339680989586,331307,0.8425572713216146,17023,0.043291727701822914,72486,0.1843414306640625,-1000.0,12913.0,-714.1904296875,430.4845275878906,True,True
Patient_26,512,512,247,0.9765625,0.9765625,2.0,2.0480000972747803,64188459,99.13341661213863,22628,0.03494695130630061,416052,0.6425556383634868,12841,0.019831792545704708,109588,0.1692490056458755,-1000.0,3071.0,-668.4541625976562,442.30450439453125,True,True
Patient_27,512,512,213,0.9765625,0.9765625,2.0,2.0480000972747803,55241599,98.93426133993086,22553,0.0403910175735402,443088,0.7935429962588029,16252,0.02910631923048709,113180,0.2026983270063087,-1000.0,3071.0,-721.0420532226562,435.3332824707031,True,True
Patient_28,512,512,179,0.976562,0.976562,2.5,2.5600011348724365,46072315,98.1854380176054,23087,0.049201070263399094,703594,1.4994402837486906,13532,0.02883825888180866,111248,0.23708236950069833,-1000.0,4321.0,-542.3196411132812,464.95172119140625,True,True
Patient_29,512,512,173,0.976562,0.976562,2.5,2.5600011348724365,44879513,98.96055232582754,17993,0.03967505658982117,313987,0.6923499134923682,17989,0.039666236480536486,121430,0.26775646760973626,-1000.0,1778.0,-645.892822265625,451.1490173339844,True,True
Patient_30,512,512,171,0.976562,0.976562,2.5,2.5600011348724365,44263739,98.74430650856063,24588,0.05485133120888158,403806,0.9008173356976426,17547,0.03914414790638706,116944,0.26088067662646197,-1000.0,11830.0,-745.225341796875,416.7086181640625,True,True
Patient_31,512,512,148,0.976562,0.976562,2.5,2.5600011348724365,38397997,98.9707663252547,15549,0.040077518772434546,297500,0.766805700353674,14883,0.038360905002903296,71383,0.18398955061629013,-1000.0,9494.0,-742.4111938476562,413.9622497558594,True,True
Patient_32,512,512,157,0.976562,0.976562,2.5,2.5600011348724365,40529697,98.47676708440112,31151,0.07568893918565883,478339,1.1622410670966858,17322,0.04208801658290207,100099,0.2432148927336286,-1000.0,12649.0,-664.0187377929688,453.0349426269531,True,True
Patient_33,512,512,263,0.9765625,0.9765625,2.0,2.0480000972747803,68388203,99.19402699053514,25297,0.03669216605646982,407187,0.590606515398497,11358,0.01647427054865732,111827,0.16220005746123456,-1000.0,3071.0,-720.4825439453125,445.2812194824219,True,True
Patient_34,512,512,192,0.976562,0.976562,2.5,2.5600011348724365,49757905,98.8600750764211,71106,0.14127492904663086,395543,0.7858733336130778,19770,0.03927946090698242,87324,0.17349720001220703,-1000.0,13025.0,-708.1455078125,428.1565246582031,True,True
Patient_35,512,512,181,1.3671875,1.3671875,2.0,1.4628571271896362,47162041,99.3971872066266,10078,0.021240065769595994,223689,0.47143967770739814,9516,0.020055612806457183,42740,0.09007743708995165,-1000.0,3071.0,-831.3245849609375,346.07391357421875,True,True
Patient_36,512,512,188,0.9765625,0.9765625,2.0,2.0480000972747803,48691673,98.7999956658546,29495,0.05984813609021775,401156,0.8139833490899269,19996,0.04057376942736037,140752,0.2855990795378989,-1000.0,3071.0,-694.856689453125,450.66656494140625,True,True
Patient_37,512,512,176,0.976562,0.976562,2.5,2.5600011348724365,45687998,99.02606877413663,19363,0.04196817224675959,342374,0.7420756600119851,12123,0.026275894858620384,75486,0.16361149874600497,-1000.0,12080.0,-637.9156494140625,453.5968322753906,True,True
Patient_38,512,512,159,0.976562,0.976562,2.5,2.5600011348724365,41270584,99.0155873808471,18065,0.043341198807242534,315639,0.7572749875626474,16619,0.03987198355812697,59989,0.1439244492248919,-1000.0,3071.0,-734.1875,435.665283203125,True,True
Patient_39,512,512,228,0.9765625,0.9765625,2.0,2.0480000972747803,59182182,99.01846835487767,22267,0.03725520351476837,452276,0.7567087809244791,12338,0.02064286616810581,99769,0.16692479451497397,-1000.0,3071.0,-696.1611328125,445.8094177246094,True,True
Patient_40,512,512,203,0.976562,0.976562,2.5,2.5600011348724365,52780821,99.18367169760718,17290,0.03249069740032327,323791,0.6084554888344751,14051,0.02640409422625462,79279,0.1489780219317657,-1000.0,20674.0,-705.4010009765625,426.0142822265625,True,True
